{"cameraMode":{"drawMode":0,"name":"Shaded","section":"Shading Mode"},"sceneLighting":false,"audioPlay":false,"sceneViewState":{"showFog":true,"showMaterialUpdate":true,"showSkybox":false,"showFlares":true,"showImageEffects":true,"showParticleSystems":true},"in2DMode":false,"pivot":{"x":383.310791015625,"y":164.58438110351563,"z":-69.66194152832031},"rotation":{"x":0.05265510454773903,"y":0.7589139342308044,"z":-0.061842042952775958,"w":0.6461318731307983},"size":1.7970757484436036,"orthographic":false}