{"cameraMode":{"drawMode":0,"name":"Shaded","section":"Shading Mode"},"sceneLighting":false,"audioPlay":false,"sceneViewState":{"showFog":true,"showMaterialUpdate":true,"showSkybox":false,"showFlares":true,"showImageEffects":true,"showParticleSystems":true},"in2DMode":false,"pivot":{"x":148.15411376953126,"y":-6.2319865226745609,"z":2.3834269046783449},"rotation":{"x":-0.039300162345170978,"y":-0.003900127485394478,"z":0.00016219695680774748,"w":-0.9992398619651794},"size":91.7502212524414,"orthographic":false}