{"cameraMode":{"drawMode":0,"name":"Shaded","section":"Shading Mode"},"sceneLighting":false,"audioPlay":false,"sceneViewState":{"showFog":true,"showMaterialUpdate":true,"showSkybox":true,"showFlares":true,"showImageEffects":true,"showParticleSystems":true},"in2DMode":false,"pivot":{"x":406.8522644042969,"y":196.526123046875,"z":-67.8088607788086},"rotation":{"x":-0.0233940277248621,"y":-0.015588825568556786,"z":0.0003583744110073894,"w":-0.9996132850646973},"size":131.51846313476563,"orthographic":false}