{"cameraMode":{"drawMode":0,"name":"Shaded","section":"Shading Mode"},"sceneLighting":false,"audioPlay":false,"sceneViewState":{"showFog":true,"showMaterialUpdate":true,"showSkybox":false,"showFlares":true,"showImageEffects":true,"showParticleSystems":true},"in2DMode":false,"pivot":{"x":396.2688293457031,"y":166.4158477783203,"z":-93.53099822998047},"rotation":{"x":-0.10792142897844315,"y":0.05722749978303909,"z":-0.0062225074507296089,"w":-0.9925128221511841},"size":9.44159984588623,"orthographic":false}