{"cameraMode":{"drawMode":0,"name":"Shaded","section":"Shading Mode"},"sceneLighting":false,"audioPlay":false,"sceneViewState":{"showFog":true,"showMaterialUpdate":true,"showSkybox":false,"showFlares":true,"showImageEffects":true,"showParticleSystems":true},"in2DMode":false,"pivot":{"x":0.7046346664428711,"y":-0.4672926664352417,"z":0.3081490993499756},"rotation":{"x":0.13640537858009339,"y":-0.28257545828819277,"z":0.040625087916851047,"w":0.9486408233642578},"size":1.14363431930542,"orthographic":false}